contract,act_symbol,expiration,call_put,strike,style,bid,bid_size,ask,ask_size,volume,open_interest,quote_date,delta,gamma,theta,vega,implied_volatility,date,stock_price,T,mid_price,risk_free_rate,BS_price,BT_price,MC_price,Random Forest_ML_price,XGBoost_ML_price,Linear Regression_ML_price,SVR_ML_price,BS_error,BT_error,MC_error,Random Forest_ML_error,XGBoost_ML_error,Linear Regression_ML_error,SVR_ML_error,BS_error_pct,BT_error_pct,MC_error_pct,Random Forest_ML_error_pct,XGBoost_ML_error_pct,Linear Regression_ML_error_pct,SVR_ML_error_pct
AAPL130104C00400000,AAPL,2013-01-04,call,400,A,146.9,,150.6,,0,21,02-01-2013,1.0,0.0,-1.2112,0.0,0.3726,2013-01-02,549.029976,0.005479452054794521,148.75,0.05,149.1395500302694,149.13955003026487,149.34023747060948,116.06926475914881,148.27101,-6.726217957555868,119.39014422559616,0.3895500302693904,0.38955003026487134,0.5902374706094804,-32.68073524085119,-0.4789886474609375,-155.47621795755586,-29.35985577440384,0.26188237329034647,0.26188237328730846,0.39679829956939855,-21.97024217872349,-0.3220091747636555,-104.52182719835687,-19.737718167666447
AAPL130104P00400000,AAPL,2013-01-04,put,400,A,0.0,,0.01,,48,823,02-01-2013,0.0,0.0,0.0,0.0,0.6095,2013-01-02,549.029976,0.005479452054794521,0.005,0.05,3.094170530555095e-12,1.824054127714168e-13,0.0,2.0157422640245057,0.0072577703,97.77019868060778,119.39014422559616,-0.004999999996905829,-0.004999999999817595,-0.005,2.010742264024506,0.0022577702812850474,97.76519868060778,119.38514422559616,-99.99999993811659,-99.9999999963519,-100.0,40214.84528049012,45.15540562570094,1955303.9736121555,2387702.8845119234
AAPL130104C00405000,AAPL,2013-01-04,call,405,A,141.9,,145.45,,0,0,02-01-2013,1.0,0.0,-1.2263,0.0,0.3726,2013-01-02,549.029976,0.005479452054794521,143.675,0.05,144.14091970564778,144.14091970564337,143.8836237619642,110.69103596063287,144.17412,-5.6319103622074564,119.39014422559616,0.46591970564776375,0.4659197056433584,0.20862376196419063,-32.98396403936714,0.49911804199217613,-149.30691036220747,-24.28485577440385,0.32428724945033144,0.3242872494472652,0.14520533284439924,-22.95734403296825,0.3473937998901521,-103.9198958498051,-16.90263147687757
AAPL130104P00405000,AAPL,2013-01-04,put,405,A,0.0,,0.01,,15,125,02-01-2013,0.0,0.0,0.0,0.0,0.6095,2013-01-02,549.029976,0.005479452054794521,0.005,0.05,2.236935636447983e-11,2.674212697294946e-12,0.0,2.5128696616930157,0.047398176,98.86450627595619,119.39014422559616,-0.004999999977630644,-0.004999999997325788,-0.005,2.507869661693016,0.042398176044225695,98.85950627595619,119.38514422559616,-99.99999955261288,-99.99999994651574,-100.0,50157.39323386032,847.9635208845139,1977190.1255191239,2387702.8845119234
AAPL130104C00410000,AAPL,2013-01-04,call,410,A,136.9,,140.4,,0,0,02-01-2013,1.0,0.0,-1.2415,0.0,0.3726,2013-01-02,549.029976,0.005479452054794521,138.65,0.05,139.14228938102616,139.14228938102175,138.78392366875207,103.12208405937517,141.88849,-4.537602766859045,119.39014422559616,0.49228938102615416,0.4922893810217488,0.13392366875206108,-35.52791594062484,3.2384887695312443,-143.18760276685904,-19.259855774403846,0.3550590559150048,0.35505905591182746,0.09659117832820849,-25.624173054904315,2.3357293685764473,-103.27270304136967,-13.890988658062636
AAPL130104C00400000,AAPL,2013-01-04,call,400,A,140.2,,143.05,,0,21,03-01-2013,1.0,0.0,-1.2112,0.0,0.6783,2013-01-03,542.099991,0.0027397260273972603,141.625,0.05,142.15478176767,142.15478176767402,141.95745089124205,116.06926475914881,145.97882,-8.813066098581459,119.39014422559616,0.5297817676699879,0.5297817676740237,0.33245089124204696,-25.55573524085119,4.35382080078125,-150.43806609858146,-22.23485577440384,0.37407362236186253,0.37407362236471225,0.23474025859985662,-18.044649772886984,3.0741894445057367,-106.22281807490306,-15.69980990249168
AAPL130104P00400000,AAPL,2013-01-04,put,400,A,0.0,,0.01,,0,828,03-01-2013,0.0,0.0,0.0,0.0,0.6837,2013-01-03,542.099991,0.0027397260273972603,0.005,0.05,1.8375568796590445e-17,2.6639732089712708e-20,0.0,2.0157422640245057,-0.010105616,97.50210931686145,119.39014422559616,-0.004999999999999982,-0.005,-0.005,2.010742264024506,-0.015105616413056851,97.49710931686145,119.38514422559616,-99.99999999999963,-100.0,-100.0,40214.84528049012,-302.112328261137,1949942.1863372293,2387702.8845119234
AAPL130104C00405000,AAPL,2013-01-04,call,405,A,135.4,,138.85,,0,0,03-01-2013,1.0,0.0,-1.2263,0.0,0.6783,2013-01-03,542.099991,0.0027397260273972603,137.125,0.05,137.15546665226583,137.1554666522698,137.12633278545766,110.69103596063287,137.08888,-7.7187585032330475,119.39014422559616,0.030466652265829453,0.030466652269808492,0.0013327854576630216,-26.433964039367126,-0.0361175537109375,-144.84375850323306,-17.73485577440384,0.02221816026678538,0.02221816026968714,0.0009719492854424952,-19.277275507286873,-0.02633914582383774,-105.62899435058017,-12.933349698744825
AAPL130104P00405000,AAPL,2013-01-04,put,405,A,0.0,,0.01,,0,125,03-01-2013,0.0,0.0,0.0,0.0,0.6837,2013-01-03,542.099991,0.0027397260273972603,0.005,0.05,3.603556608392977e-16,1.9904572725780773e-18,0.0,2.5128696616930157,0.085812554,98.59641691220986,119.39014422559616,-0.00499999999999964,-0.004999999999999998,-0.005,2.507869661693016,0.08081255376338958,98.59141691220987,119.38514422559616,-99.99999999999281,-99.99999999999997,-100.0,50157.39323386032,1616.2510752677917,1971828.3382441972,2387702.8845119234
AAPL130104C00410000,AAPL,2013-01-04,call,410,A,130.4,,133.85,,0,0,03-01-2013,1.0,0.0,-1.2415,0.0,0.6783,2013-01-03,542.099991,0.0027397260273972603,132.125,0.05,132.15615153686178,132.1561515368659,132.13540209403416,103.12208405937517,132.11635,-6.624450907884636,119.39014422559616,0.031151536861784734,0.031151536865905882,0.010402094034162701,-29.00291594062483,-0.0086517333984375,-138.74945090788464,-12.73485577440384,0.023577322128124682,0.02357732213124381,0.007872918852724845,-21.95111897114462,-0.006548142591059602,-105.01377552157778,-9.638490652339708
AAPL130104C00400000,AAPL,2013-01-04,call,400,A,126.25,,127.4,,0,21,04-01-2013,1.0,0.0,0.0,0.0,0.3,2013-01-04,526.999992,0.0,126.825,0.05,127.00001199999951,127.0000120000011,126.99998565001182,115.09659702564237,126.81134,-5.072104052469243,119.39014422559616,0.1750119999995121,0.17501200000110373,0.17498565001181987,-11.728402974357635,-0.013659667968752842,-131.89710405246925,-7.434855774403843,0.13799487482713352,0.13799487482838851,0.13797409817608505,-9.247705873729656,-0.01077048528977161,-103.99929355605697,-5.862295110903878
AAPL130104P00400000,AAPL,2013-01-04,put,400,A,0.0,,0.01,,0,828,04-01-2013,0.0,0.0,0.0,0.0,0.3,2013-01-04,526.999992,0.0,0.005,0.05,0.0,0.0,0.0,3.1692334777232265,-0.31924433,101.28549597376117,119.39014422559616,-0.005,-0.005,-0.005,3.1642334777232266,-0.32424432516098023,101.28049597376118,119.38514422559616,-100.0,-100.0,-100.0,63284.669554464526,-6484.8865032196045,2025609.9194752234,2387702.8845119234
AAPL130104C00405000,AAPL,2013-01-04,call,405,A,121.25,,122.4,,0,0,04-01-2013,1.0,0.0,0.0,0.0,0.3,2013-01-04,526.999992,0.0,121.825,0.05,122.00001224999949,122.00001225000116,121.99998590001478,109.45450004366712,121.61921,-3.9777964571208315,119.39014422559616,0.17501224999948306,0.17501225000115994,0.1749859000147751,-12.370499956332878,-0.2057907104492216,-125.80279645712083,-2.434855774403843,0.14365873178697564,0.1436587317883521,0.14363710241311314,-10.154319685067005,-0.16892321809909427,-103.2651725484267,-1.998650338111096
AAPL130104P00405000,AAPL,2013-01-04,put,405,A,0.0,,0.01,,0,125,04-01-2013,0.0,0.0,0.0,0.0,0.3,2013-01-04,526.999992,0.0,0.005,0.05,0.0,0.0,0.0,3.707218569761197,0.4191517,102.37980356910958,119.39014422559616,-0.005,-0.005,-0.005,3.702218569761197,0.4141516935825348,102.37480356910959,119.38514422559616,-100.0,-100.0,-100.0,74044.37139522393,8283.033871650696,2047496.0713821917,2387702.8845119234
AAPL130104C00410000,AAPL,2013-01-04,call,410,A,116.25,,117.4,,0,0,04-01-2013,1.0,0.0,0.0,0.0,0.3,2013-01-04,526.999992,0.0,116.825,0.05,117.00001249999951,117.00001250000116,116.99998615001797,101.67022072486563,116.18363,-2.8834888617724204,119.39014422559616,0.17501249999951085,0.1750125000011593,0.1749861500179719,-15.154779275134374,-0.6413681030273466,-119.70848886177242,2.565144225596157,0.14980740423668806,0.14980740423809913,0.1497848491487027,-12.972205670990261,-0.548999018213008,-102.46821216500956,2.1957151513769797
AAPL130111C00420000,AAPL,2013-01-11,call,420,A,103.45,,104.5,,1,0,07-01-2013,1.0,0.0,-1.288,0.0005,0.509,2013-01-07,523.900002,0.010958904109589041,103.975,0.05,104.13016326433876,104.13014283592334,103.97280221256932,76.45225686902941,104.883675,-1.8835548853737762,119.39014422559616,0.1551632643387677,0.15514283592334266,-0.002197787430674225,-27.522743130970582,0.9086746215820369,-105.85855488537376,15.415144225596165,0.14923131939289994,0.14921167196282054,-0.0021137652615284687,-26.470539197855814,0.8739356783669506,-101.81154593447826,14.825817961621704
AAPL130111P00420000,AAPL,2013-01-11,put,420,A,0.01,,0.03,,488,911,07-01-2013,-0.0015,0.0001,-10.916,0.2517,0.7923,2013-01-07,523.900002,0.010958904109589041,0.02,0.05,0.04518616477950688,0.04330292633802046,0.05019829916188246,9.06874525101222,0.078683354,102.24832435639351,119.39014422559616,0.025186164779506876,0.023302926338020457,0.03019829916188246,9.048745251012221,0.058683353960514065,102.22832435639351,119.37014422559616,125.93082389753438,116.51463169010228,150.9914958094123,45243.726255061105,293.4167698025703,511141.6217819676,596850.7211279809
AAPL130111C00425000,AAPL,2013-01-11,call,425,A,98.2,,100.05,,0,0,07-01-2013,1.0,0.0,-1.3349,0.0017,0.509,2013-01-07,523.900002,0.010958904109589041,99.125,0.05,99.13305229865091,99.13300921744639,98.80962924982701,66.98390770139692,99.14721,-0.789247290025358,119.39014422559616,0.008052298650909506,0.008009217446385719,-0.3153707501729883,-32.141092298603084,0.02220916748046875,-99.91424729002536,20.26514422559616,0.008123378210249187,0.00807991671766529,-0.3181546029487903,-32.424809380684074,0.02240521309505044,-100.79621416396,20.444029483577463
AAPL130111P00425000,AAPL,2013-01-11,put,425,A,0.02,,0.04,,35,30,07-01-2013,-0.0024,0.0002,-16.187,0.3757,0.7872,2013-01-07,523.900002,0.010958904109589041,0.03,0.05,0.06758279102620479,0.06554977808169643,0.07447319729967289,10.851496322838173,-0.6395335,103.38269963970791,119.39014422559616,0.03758279102620479,0.03554977808169643,0.04447319729967289,10.821496322838174,-0.6695335197448731,103.35269963970791,119.36014422559616,125.27597008734932,118.49926027232145,148.24399099890962,36071.65440946058,-2231.778399149577,344508.99879902636,397867.1474186539
AAPL130111C00430000,AAPL,2013-01-11,call,430,A,93.35,,95.0,,0,2,07-01-2013,1.0,0.0,-1.4341,0.0047,0.509,2013-01-07,523.900002,0.010958904109589041,94.175,0.05,94.13616404028267,94.13607653756225,94.62745393758526,61.43970756193597,93.44886,0.30506030532303896,119.39014422559616,-0.038835959717332,-0.0389234624377508,0.4524539375852612,-32.73529243806403,-0.7261398315429659,-93.86993969467696,25.215144225596163,-0.041238077746038763,-0.0413309927663932,0.4804395408391412,-34.760066300041444,-0.7710537101597726,-99.67607081993836,26.774774861264838
AAPL130111C00420000,AAPL,2013-01-11,call,420,A,104.95,,106.35,,0,1,08-01-2013,1.0,0.0,-1.2717,0.0,0.3686,2013-01-08,525.31002,0.00821917808219178,105.65,0.05,105.48258727828977,105.48258727826783,105.33381439046757,76.45225686902941,106.75434,-0.9291316179919491,119.39014422559616,-0.16741272171023525,-0.1674127217321768,-0.31618560953243957,-29.197743130970593,1.1043411254882756,-106.57913161799195,13.740144225596154,-0.15845974605796048,-0.15845974607872862,-0.2992764879625552,-27.636292599120292,1.0452826554550643,-100.87944308375954,13.00534238106593
AAPL130111P00420000,AAPL,2013-01-11,put,420,A,0.01,,0.02,,8,1312,08-01-2013,-0.0013,0.0001,-12.8858,0.1756,0.9385,2013-01-08,525.31002,0.00821917808219178,0.015,0.05,0.052358503478885154,0.04937619972572693,0.008117114622711119,8.900960287280503,0.019438807,100.95110068827539,119.39014422559616,0.037358503478885155,0.03437619972572693,-0.006882885377288881,8.885960287280502,0.004438806921243668,100.93610068827539,119.37514422559616,249.05668985923438,229.17466483817955,-45.88590251525921,59239.73524853668,29.592046141624458,672907.337921836,795834.2948373078
AAPL130111C00425000,AAPL,2013-01-11,call,425,A,99.25,,101.5,,0,0,08-01-2013,1.0,0.0,-1.2869,0.0,0.3686,2013-01-08,525.31002,0.00821917808219178,100.375,0.05,100.48464165087796,100.48464165067544,100.28989833062919,66.98390770139692,101.179504,0.16517597735646916,119.39014422559616,0.10964165087796118,0.10964165067544229,-0.08510166937081465,-33.391092298603084,0.80450439453125,-100.20982402264353,19.01514422559616,0.10923203076260142,0.10923203056083913,-0.08478373038188258,-33.26634351043894,0.8014987741282689,-99.83544111844934,18.94410383621037
AAPL130111P00425000,AAPL,2013-01-11,put,425,A,0.01,,0.03,,20,65,08-01-2013,-0.0016,0.0001,-15.5122,0.2178,0.9106,2013-01-08,525.31002,0.00821917808219178,0.02,0.05,0.06239673330671147,0.05961947430650929,0.0034572801255875934,10.851496322838173,-0.6083877,102.26460210602593,119.39014422559616,0.04239673330671147,0.03961947430650929,-0.016542719874412408,10.831496322838174,-0.6283877086639404,102.24460210602594,119.37014422559616,211.9836665335573,198.09737153254645,-82.71359937206203,54157.48161419086,-3141.938543319702,511223.0105301297,596850.7211279809
AAPL130111C00430000,AAPL,2013-01-11,call,430,A,94.95,,96.4,,0,2,08-01-2013,1.0,0.0,-1.302,0.0,0.3686,2013-01-08,525.31002,0.00821917808219178,95.67500000000001,0.05,95.48669602541901,95.4866960235707,95.40883395752624,61.43970756193597,95.41379,1.2594835727048803,119.39014422559616,-0.18830397458100379,-0.18830397642931018,-0.2661660424737704,-34.23529243806404,-0.26121215820313637,-94.41551642729513,23.71514422559615,-0.1968162786318304,-0.19681628056368974,-0.27819811076432754,-35.7829029924892,-0.2730202855533173,-98.68358131935733,24.78719020182508
AAPL130111C00420000,AAPL,2013-01-11,call,420,A,95.45,,98.3,,0,1,09-01-2013,1.0,0.0,-1.2717,0.0,0.4424,2013-01-09,517.100006,0.005479452054794521,96.875,0.05,97.21505873201511,97.21505873182403,97.25226812410448,73.56592301425528,98.755005,-1.1229443117253837,119.39014422559616,0.34005873201510894,0.3400587318240298,0.3772681241044751,-23.309076985744724,1.8800048828125,-97.99794431172538,22.51514422559616,0.35102836853172537,0.35102836833448237,0.3894380635917162,-24.060982694962295,1.940650201612903,-101.15916832178102,23.241439200615392
AAPL130111P00420000,AAPL,2013-01-11,put,420,A,0.0,,0.02,,10,1313,09-01-2013,0.0,0.0,0.0,0.0,0.5346,2013-01-09,517.100006,0.005479452054794521,0.01,0.05,2.3343134119419695e-07,1.0908532556084537e-07,0.0,9.06874525101222,0.14357446,104.51029476735536,119.39014422559616,-0.009999766568658806,-0.00999989091467444,-0.01,9.05874525101222,0.13357446134090423,104.50029476735536,119.38014422559615,-99.99766568658805,-99.9989091467444,-100.0,90587.45251012221,1335.7446134090421,1045002.9476735535,1193801.4422559617
AAPL130111C00425000,AAPL,2013-01-11,call,425,A,90.15,,93.55,,0,0,09-01-2013,1.0,0.0,-1.2869,0.0,0.4424,2013-01-09,517.100006,0.005479452054794521,91.85,0.05,92.21642840959191,92.21642840774842,92.15944659026434,65.338496835507,92.07878,-0.02863671637696541,119.39014422559616,0.3664284095919186,0.36642840774842966,0.3094465902643435,-26.511503164492993,0.22878112792969318,-91.87863671637696,27.540144225596165,0.3989421987935967,0.3989421967865321,0.33690428989041216,-28.863911991826885,0.24908124978736332,-100.03117769883177,29.983826048553258
AAPL130111P00425000,AAPL,2013-01-11,put,425,A,0.0,,0.02,,38,85,09-01-2013,0.0,0.0,0.0,0.0,0.5346,2013-01-09,517.100006,0.005479452054794521,0.01,0.05,1.2048602416125465e-06,6.796697877371526e-07,0.0,10.851496322838173,-0.4313308,105.60460236270379,119.39014422559616,-0.009998795139758388,-0.009999320330212263,-0.01,10.841496322838173,-0.44133080005645753,105.59460236270378,119.38014422559615,-99.98795139758388,-99.99320330212262,-100.0,108414.96322838172,-4413.308000564575,1055946.0236270376,1193801.4422559617
AAPL130111C00430000,AAPL,2013-01-11,call,430,A,85.5,,88.5,,0,2,09-01-2013,1.0,0.0,-1.302,0.0,0.4424,2013-01-09,517.100006,0.005479452054794521,87.0,0.05,87.21779810443081,87.21779809002327,87.21829715315637,60.299823341160966,86.97848,1.0656708789714315,119.39014422559616,0.2177981044308126,0.21779809002326544,0.21829715315637088,-26.700176658839034,-0.02152252197265625,-85.93432912102857,32.39014422559616,0.25034264877104895,0.25034263221064995,0.2509162679958286,-30.689858228550616,-0.02473853100305316,-98.77509094371099,37.23005083401858
AAPL130111C00420000,AAPL,2013-01-11,call,420,A,102.6,,103.9,,6,1,10-01-2013,1.0,0.0,-1.2718,0.0,0.7151,2013-01-10,523.509979,0.0027397260273972603,103.25,0.05,103.56750931153653,103.5675093077501,103.24741580444147,76.45225686902941,103.27479,-3.691862576083267,119.39014422559616,0.31750931153652573,0.31750930775010033,-0.002584195558526403,-26.797743130970588,0.02478790283203125,-106.94186257608327,16.14014422559616,0.30751507170607817,0.3075150680388381,-0.0025028528411878,-25.9542306353226,0.024007654074606536,-103.57565382671503,15.632100944887323
AAPL130111P00420000,AAPL,2013-01-11,put,420,A,0.0,,0.01,,1,1313,10-01-2013,0.0,0.0,0.0,0.0,0.7933,2013-01-10,523.509979,0.0027397260273972603,0.005,0.05,1.8999089954236875e-07,9.126161062920151e-08,0.0,9.06874525101222,0.027369231,102.0513662346688,119.39014422559616,-0.004999810009100458,-0.004999908738389371,-0.005,9.06374525101222,0.02236923098564148,102.04636623466881,119.38514422559616,-99.99620018200915,-99.99817476778743,-100.0,181274.9050202444,447.3846197128296,2040927.324693376,2387702.8845119234
AAPL130111C00425000,AAPL,2013-01-11,call,425,A,97.5,,99.6,,0,0,10-01-2013,1.0,0.0,-1.2869,0.0,0.7151,2013-01-10,523.509979,0.0027397260273972603,98.55,0.05,98.56819422804699,98.56819420486693,98.68151269983977,66.52460987024291,99.06648,-2.5975549807348557,119.39014422559616,0.018194228046994,0.01819420486692991,0.13151269983977443,-32.025390129757085,0.5164825439453153,-101.14755498073485,20.840144225596163,0.018461925973611362,0.018461902452491026,0.13344769136456056,-32.49659069483215,0.5240817290160481,-102.6357736993758,21.146772425769825
AAPL130111P00425000,AAPL,2013-01-11,put,425,A,0.0,,0.01,,0,95,10-01-2013,0.0,0.0,0.0,0.0,0.7933,2013-01-10,523.509979,0.0027397260273972603,0.005,0.05,9.212157060169726e-07,4.60333901393768e-07,0.0,10.851496322838173,-0.14561388,103.14567383001722,119.39014422559616,-0.004999078784293983,-0.004999539666098607,-0.005,10.846496322838172,-0.1506138789653778,103.14067383001722,119.38514422559616,-99.98157568587965,-99.99079332197213,-100.0,216929.92645676344,-3012.277579307556,2062813.4766003445,2387702.8845119234
AAPL130111C00430000,AAPL,2013-01-11,call,430,A,92.65,,93.9,,0,2,10-01-2013,1.0,0.0,-1.302,0.0,0.7151,2013-01-10,523.509979,0.0027397260273972603,93.275,0.05,93.56887930245051,93.56887918157678,93.85009728549517,60.76743297606835,93.95244,-1.5032473853864445,119.39014422559616,0.293879302450506,0.29387918157677007,0.5750972854951613,-32.50756702393166,0.6774383544921818,-94.77824738538645,26.115144225596154,0.3150675984459994,0.31506746885743236,0.6165610136640699,-34.85131817092646,0.7262807338431324,-101.61162946704523,27.99801042679834
AAPL130111C00420000,AAPL,2013-01-11,call,420,A,99.1,,100.95,,1,3,11-01-2013,1.0,0.0,0.0,0.0,0.3,2013-01-11,520.300026,0.0,100.025,0.05,100.30004699999944,100.30004700000127,100.30002098500876,74.45796185340053,99.512886,-0.32254140882131566,119.39014422559616,0.2750469999994323,0.2750470000012655,0.2750209850087515,-25.567038146599472,-0.5121139526367244,-100.34754140882131,19.365144225596154,0.27497825543557336,0.2749782554374061,0.2749522469470147,-25.560647984603317,-0.5119859561476875,-100.32246079362291,19.360304149558765
AAPL130111P00420000,AAPL,2013-01-11,put,420,A,0.0,,0.01,,80,1312,11-01-2013,0.0,0.0,0.0,0.0,0.3,2013-01-11,520.300026,0.0,0.005,0.05,0.0,0.0,0.0,10.197010961097076,0.41059574,106.0350586174091,119.39014422559616,-0.005,-0.005,-0.005,10.192010961097075,0.40559574484825134,106.03005861740911,119.38514422559616,-100.0,-100.0,-100.0,203840.21922194152,8111.914896965027,2120601.172348182,2387702.8845119234
AAPL130111C00425000,AAPL,2013-01-11,call,425,A,94.1,,95.95,,0,0,11-01-2013,1.0,0.0,0.0,0.0,0.3,2013-01-11,520.300026,0.0,95.025,0.05,95.30004724999947,95.30004725000133,95.30002123500864,64.90628205842536,91.74396,0.7717661865271026,119.39014422559616,0.27504724999946006,0.2750472500013217,0.2750212350086372,-30.118717941574644,-3.2810424804687557,-94.2532338134729,24.365144225596154,0.2894472507229256,0.2894472507248847,0.28941987372653216,-31.69557268253054,-3.4528202898908242,-99.18782826990045,25.6407726657155
AAPL130111P00425000,AAPL,2013-01-11,put,425,A,0.0,,0.01,,0,95,11-01-2013,0.0,0.0,0.0,0.0,0.3,2013-01-11,520.300026,0.0,0.005,0.05,0.0,0.0,0.0,11.970637907031078,-0.19392315,107.12936621275752,119.39014422559616,-0.005,-0.005,-0.005,11.965637907031077,-0.19892314553260804,107.12436621275752,119.38514422559616,-100.0,-100.0,-100.0,239312.75814062156,-3978.4629106521606,2142487.3242551503,2387702.8845119234
AAPL130111C00430000,AAPL,2013-01-11,call,430,A,89.1,,90.95,,2,2,11-01-2013,1.0,0.0,0.0,0.0,0.3,2013-01-11,520.300026,0.0,90.025,0.05,90.30004749999944,90.30004750000127,90.30002148500854,59.08305614607393,88.64578,1.8660737818754995,119.39014422559616,0.275047499999431,0.2750475000012642,0.27502148500853707,-30.941943853926077,-1.3792175292968807,-88.1589262181245,29.365144225596154,0.3055234657033391,0.30552346570537536,0.3054945681849898,-34.370390284838734,-1.532038355231192,-97.92716047556179,32.61887722920983
AAPL130119C00135000,AAPL,2013-01-19,call,135,A,365.55,,367.45,,0,3530,14-01-2013,1.0,0.0,-0.4088,0.0,0.5376,2013-01-14,501.750015,0.0136986301369863,366.5,0.05,366.8424490942993,366.84244909429685,367.2102228383962,364.6075230832077,366.54114,-63.182597536404444,119.39014422559616,0.3424490942992975,0.3424490942968532,0.7102228383961915,-1.8924769167923046,0.0411376953125,-429.68259753640444,-247.10985577440385,0.09343767920853957,0.09343767920787265,0.19378522193620507,-0.5163647794794829,0.011224473482264664,-117.23945362521266,-67.42424441320706
AAPL130119P00135000,AAPL,2013-01-19,put,135,A,0.0,,0.01,,0,8747,14-01-2013,0.0,0.0,0.0,0.0,0.5689,2013-01-14,501.750015,0.0136986301369863,0.005,0.05,5.5284098281922385e-87,0.0,0.0,0.02426545072114716,-0.006534134,42.92909687544653,119.39014422559616,-0.005,-0.005,-0.005,0.01926545072114716,-0.011534134037792684,42.92409687544653,119.38514422559616,-100.0,-100.0,-100.0,385.30901442294316,-230.68268075585365,858481.9375089306,2387702.8845119234
AAPL130119C00140000,AAPL,2013-01-19,call,140,A,360.5,,362.7,,0,449,14-01-2013,1.0,0.0,-0.4239,0.0,0.5376,2013-01-14,501.750015,0.0136986301369863,361.6,0.05,361.8458725792733,361.84587257927103,361.8304403297021,362.7018739760649,361.382,-62.08828994105603,119.39014422559616,0.2458725792732821,0.24587257927100836,0.23044032970210537,1.1018739760648941,-0.21801147460939774,-423.68828994105604,-242.20985577440388,0.06799573541849616,0.06799573541786735,0.06372796728487427,0.30472178541617645,-0.06029078390746618,-117.17043416511505,-66.98281409690372
AAPL130119P00140000,AAPL,2013-01-19,put,140,A,0.0,,0.02,,0,2381,14-01-2013,0.0,0.0,0.0,0.0,0.5689,2013-01-14,501.750015,0.0136986301369863,0.01,0.05,2.4505080433382417e-82,0.0,0.0,0.02426545072114716,-0.004716277,44.023404470794944,119.39014422559616,-0.01,-0.01,-0.01,0.01426545072114716,-0.014716277122497559,44.013404470794946,119.38014422559615,-100.0,-100.0,-100.0,142.65450721147158,-147.1627712249756,440134.0447079495,1193801.4422559617
AAPL130119C00145000,AAPL,2013-01-19,call,145,A,355.5,,357.7,,0,275,14-01-2013,1.0,0.0,-0.439,0.0,0.5376,2013-01-14,501.750015,0.0136986301369863,356.6,0.05,356.84929606424737,356.84929606424475,356.4987528733671,361.8841757617791,355.08636,-60.99398234570762,119.39014422559616,0.2492960642473463,0.2492960642447315,-0.10124712663292712,5.284175761779068,-1.5136352539062727,-417.5939823457077,-237.20985577440388,0.06990915991232369,0.06990915991159044,-0.028392351832004236,1.4818215821029352,-0.424463054937261,-117.10431361349065,-66.5198698189579
AAPL130119C00135000,AAPL,2013-01-19,call,135,A,349.55,,351.35,,2,3530,15-01-2013,1.0,0.0,-0.4088,0.0,0.5121,2013-01-15,485.920013,0.010958904109589041,350.45000000000005,0.05,350.99396533997435,350.99396533997094,351.040290751651,351.4082488768586,350.427,-62.17280881083454,119.39014422559616,0.5439653399743065,0.5439653399708959,0.5902907516509686,0.9582488768585335,-0.022998046875045475,-412.6228088108346,-231.0598557744039,0.15521910114832543,0.1552191011473522,0.16843793740932186,0.27343383559952444,-0.0065624331217136464,-117.74084999595793,-65.93233150931769
AAPL130119P00135000,AAPL,2013-01-19,put,135,A,0.0,,0.01,,0,8747,15-01-2013,0.0,0.0,0.0,0.0,0.5511,2013-01-15,485.920013,0.010958904109589041,0.005,0.05,9.163992498546459e-110,0.0,0.0,0.02426545072114716,0.029485967,43.878391248597225,119.39014422559616,-0.005,-0.005,-0.005,0.01926545072114716,0.024485967010259627,43.87339124859722,119.38514422559616,-100.0,-100.0,-100.0,385.30901442294316,489.71934020519257,877467.8249719443,2387702.8845119234
AAPL130119C00140000,AAPL,2013-01-19,call,140,A,345.2,,346.5,,0,449,15-01-2013,1.0,0.0,-0.4239,0.0,0.5121,2013-01-15,485.920013,0.010958904109589041,345.85,0.05,345.996704315529,345.9967043155256,345.7900698486603,350.8138719829192,346.0703,-61.07850121548613,119.39014422559616,0.14670431552895025,0.14670431552559648,-0.05993015133969948,4.963871982919159,0.22031249999997726,-406.92850121548616,-226.45985577440388,0.04241848070809606,0.042418480707126345,-0.017328365285441513,1.435267307479878,0.06370174931327953,-117.66040225979071,-65.47921231007774
AAPL130119P00140000,AAPL,2013-01-19,put,140,A,0.0,,0.01,,5,2381,15-01-2013,0.0,0.0,0.0,0.0,0.5511,2013-01-15,485.920013,0.010958904109589041,0.005,0.05,9.747485926609868e-104,0.0,0.0,0.02426545072114716,0.047973227,44.97269884394563,119.39014422559616,-0.005,-0.005,-0.005,0.01926545072114716,0.04297322675585747,44.96769884394563,119.38514422559616,-100.0,-100.0,-100.0,385.30901442294316,859.4645351171494,899353.9768789125,2387702.8845119234
AAPL130119C00145000,AAPL,2013-01-19,call,145,A,340.2,,341.55,,0,275,15-01-2013,1.0,0.0,-0.439,0.0,0.5121,2013-01-15,485.920013,0.010958904109589041,340.875,0.05,340.9994432910836,340.9994432910801,340.64007981351614,350.4607886495858,343.87195,-59.98419362013772,119.39014422559616,0.12444329108359398,0.12444329108012653,-0.23492018648386193,9.585788649585822,2.9969482421875,-400.8591936201377,-221.48485577440385,0.036507016086129516,0.036507016085112295,-0.06891681304990449,2.812112548466688,0.8791927369820315,-117.59712317422448,-64.97538856601507
AAPL130119C00135000,AAPL,2013-01-19,call,135,A,370.4,,371.45,,0,3513,16-01-2013,1.0,0.0,-0.4088,0.0,0.3696,2013-01-16,506.089981,0.00821917808219178,370.92499999999995,0.05,371.14544905372884,371.145449053726,370.9703934450775,365.98035598788454,370.90747,-62.24441992988021,119.39014422559616,0.2204490537288848,0.22044905372604262,0.0453934450775364,-4.944644012115418,-0.017529296874954525,-433.1694199298802,-251.5348557744038,0.05943224472033021,0.059432244719563966,0.012237903909829859,-1.3330576294710301,-0.004725833220989291,-116.78086403717201,-67.81286129929335
AAPL130119P00135000,AAPL,2013-01-19,put,135,A,0.0,,0.01,,0,8747,16-01-2013,0.0,0.0,0.0,0.0,0.5345,2013-01-16,506.089981,0.00821917808219178,0.005,0.05,1.766412708862658e-164,0.0,0.0,0.02426545072114716,-0.01394563,42.81765818545021,119.39014422559616,-0.005,-0.005,-0.005,0.01926545072114716,-0.018945629820227624,42.81265818545021,119.38514422559616,-100.0,-100.0,-100.0,385.30901442294316,-378.91259640455246,856253.1637090042,2387702.8845119234
AAPL130119C00140000,AAPL,2013-01-19,call,140,A,365.55,,366.4,,0,449,16-01-2013,1.0,0.0,-0.4239,0.0,0.3696,2013-01-16,506.089981,0.00821917808219178,365.975,0.05,366.1475034260892,366.14750342608625,366.0977342932024,364.0818889694864,365.99896,-61.1501123345318,119.39014422559616,0.1725034260891789,0.17250342608622304,0.12273429320237028,-1.8931110305136372,0.023962402343727263,-427.1251123345318,-246.58485577440388,0.0471353032554625,0.047135303254654835,0.03353625061885929,-0.5172787842102977,0.00654755170263741,-116.70882227871624,-67.37751370295891
AAPL130119P00140000,AAPL,2013-01-19,put,140,A,0.0,,0.02,,0,2386,16-01-2013,0.0,0.0,0.0,0.0,0.5345,2013-01-16,506.089981,0.00821917808219178,0.01,0.05,1.1167728104424086e-155,0.0,0.0,0.02426545072114716,-0.009578048,43.91196578079862,119.39014422559616,-0.01,-0.01,-0.01,0.01426545072114716,-0.019578048251569273,43.90196578079862,119.38014422559615,-100.0,-100.0,-100.0,142.65450721147158,-195.78048251569274,439019.6578079862,1193801.4422559617
AAPL130119C00145000,AAPL,2013-01-19,call,145,A,360.25,,361.45,,0,275,16-01-2013,1.0,0.0,-0.4391,0.0,0.3696,2013-01-16,506.089981,0.00821917808219178,360.85,0.05,361.14955779844956,361.1495577984465,361.0691284297012,362.80839786726955,360.9447,-60.05580473918339,119.39014422559616,0.2995577984495412,0.2995577984464717,0.21912842970118618,1.9583978672695252,0.09470214843747726,-420.9058047391834,-241.45985577440388,0.08301449312721108,0.08301449312636044,0.06072562829463383,0.5427179900982473,0.02624418690244624,-116.64287231236897,-66.91419032129801
AAPL130119C00135000,AAPL,2013-01-19,call,135,A,367.15,,368.4,,4,3513,17-01-2013,1.0,0.0,-0.4088,0.0,0.2869,2013-01-17,502.680023,0.005479452054794521,367.775,0.05,367.7170042352159,367.7170042352112,367.5257602124113,363.2157615864528,367.58206,-61.47545451872031,119.39014422559616,-0.05799576478409563,-0.05799576478875679,-0.24923978758869225,-4.5592384135471775,-0.19293823242185226,-429.2504545187203,-248.38485577440383,-0.015769360283895216,-0.015769360285162612,-0.0677696383899646,-1.2396814393439406,-0.05246094281064572,-116.71550663278371,-67.53717783275205
AAPL130119P00135000,AAPL,2013-01-19,put,135,A,0.0,,0.01,,0,8747,17-01-2013,0.0,0.0,0.0,0.0,0.3982,2013-01-17,502.680023,0.005479452054794521,0.005,0.05,0.0,0.0,0.0,0.02426545072114716,0.009018136,44.007727140723134,119.39014422559616,-0.005,-0.005,-0.005,0.01926545072114716,0.004018136188387871,44.00272714072313,119.38514422559616,-100.0,-100.0,-100.0,385.30901442294316,80.36272376775742,880054.5428144626,2387702.8845119234
AAPL130119C00140000,AAPL,2013-01-19,call,140,A,362.2,,363.6,,0,449,17-01-2013,1.0,0.0,-0.4239,0.0,0.2869,2013-01-17,502.680023,0.005479452054794521,362.9,0.05,362.7183739105943,362.7183739105895,362.5852656671136,361.61192903775157,362.98743,-60.381146923371915,119.39014422559616,-0.18162608940565406,-0.18162608941048575,-0.3147343328863599,-1.2880709622484119,0.08742675781252274,-423.2811469233719,-243.50985577440383,-0.05004852284531664,-0.05004852284664805,-0.08672756486259574,-0.35493826460413663,0.024091142962943714,-116.63850838340369,-67.1010900453028
AAPL130119P00140000,AAPL,2013-01-19,put,140,A,0.0,,0.02,,0,2386,17-01-2013,0.0,0.0,0.0,0.0,0.3982,2013-01-17,502.680023,0.005479452054794521,0.01,0.05,0.0,0.0,0.0,0.02426545072114716,-0.012212049,45.10203473607154,119.39014422559616,-0.01,-0.01,-0.01,0.01426545072114716,-0.02221204921603203,45.09203473607154,119.38014422559615,-100.0,-100.0,-100.0,142.65450721147158,-222.12049216032028,450920.3473607154,1193801.4422559617
AAPL130119C00145000,AAPL,2013-01-19,call,145,A,357.2,,358.6,,1,275,17-01-2013,1.0,0.0,-0.4391,0.0,0.2869,2013-01-17,502.680023,0.005479452054794521,357.9,0.05,357.71974358597265,357.71974358596793,357.54237167693714,360.7332308234659,358.3067,-59.286839328023504,119.39014422559616,-0.18025641402732617,-0.18025641403204418,-0.35762832306284054,2.8332308234658967,0.40670166015627274,-417.1868393280235,-238.50985577440383,-0.05036502208083995,-0.05036502208215819,-0.09992409138386156,0.7916263826392558,0.11363555746193707,-116.56519679464195,-66.64147967991167
AAPL130119C00135000,AAPL,2013-01-19,call,135,A,364.75,,365.35,,147,3509,18-01-2013,1.0,0.0,-0.4088,0.0,0.0156,2013-01-18,500.000015,0.0027397260273972603,365.05,0.05,365.01850688408865,365.01850688409286,365.02275543707805,357.583202662656,362.52933,-59.265335266004726,119.39014422559616,-0.03149311591135984,-0.031493115907153424,-0.027244562921964643,-7.466797337344019,-2.5206726074218864,-424.31533526600475,-245.65985577440387,-0.00862706914432539,-0.008627069143173106,-0.007463241452394094,-2.045417706435836,-0.6905006457805469,-116.23485420243934,-67.2948516023569
AAPL130119P00135000,AAPL,2013-01-19,put,135,A,0.0,,0.01,,0,8747,18-01-2013,0.0,0.0,0.0,0.0,3.4535,2013-01-18,500.000015,0.0027397260273972603,0.005,0.05,1.3566837429310009e-12,5.807258743684557e-14,0.0,0.02426545072114716,0.013561767,20.082714866453003,119.39014422559616,-0.004999999998643316,-0.004999999999941928,-0.005,0.01926545072114716,0.00856176659464836,20.077714866453004,119.38514422559616,-99.99999997286633,-99.99999999883855,-100.0,385.30901442294316,171.2353318929672,401554.2973290601,2387702.8845119234
AAPL130119C00140000,AAPL,2013-01-19,call,140,A,359.55,,360.3,,18,449,18-01-2013,1.0,0.0,-0.4239,0.0,0.0156,2013-01-18,500.000015,0.0027397260273972603,359.925,0.05,360.0191917686845,360.01919176868887,360.01891489668503,356.7013309094093,359.78128,-58.171027670656315,119.39014422559616,0.09419176868448176,0.0941917686888587,0.09391489668502118,-3.223669090590704,-0.14371948242188637,-418.0960276706563,-240.53485577440387,0.026169832238516846,0.026169832239732915,0.026092907323753883,-0.8956502300731275,-0.03993039728329135,-116.16198587779574,-66.82916045687402
AAPL130119P00140000,AAPL,2013-01-19,put,140,A,0.0,,0.01,,0,2386,18-01-2013,0.0,0.0,0.0,0.0,3.4535,2013-01-18,500.000015,0.0027397260273972603,0.005,0.05,6.133822381028915e-12,3.823983276397777e-13,0.0,0.02426545072114716,0.009883966,21.17702246180141,119.39014422559616,-0.0049999999938661775,-0.004999999999617602,-0.005,0.01926545072114716,0.0048839662969112395,21.17202246180141,119.38514422559616,-99.99999987732355,-99.99999999235204,-100.0,385.30901442294316,97.67932593822479,423440.44923602825,2387702.8845119234
AAPL130119C00145000,AAPL,2013-01-19,call,145,A,354.2,,355.35,,0,275,18-01-2013,1.0,0.0,-0.4391,0.0,0.0156,2013-01-18,500.000015,0.0027397260273972603,354.775,0.05,355.0198766532804,355.0198766532846,355.00993789739005,356.02862674274263,354.85617,-57.076720075307904,119.39014422559616,0.2448766532804143,0.24487665328462072,0.23493789739006843,1.2536267427426537,0.08117065429689774,-411.85172007530787,-235.38485577440383,0.06902308597855382,0.06902308597973947,0.06622166088085926,0.35335825318657005,0.022879474116523923,-116.0881460292602,-66.3476444998672
AAPL130125C00350000,AAPL,2013-01-25,call,350,A,154.2,,155.45,,242,0,22-01-2013,1.0,0.0,-1.0603,0.0,0.854,2013-01-22,504.770004,0.00821917808219178,154.825,0.05,154.91381703821668,154.91381452688847,154.79493422492948,153.10504840099586,154.94759,-18.921483938774884,119.39014422559616,0.08881703821668907,0.08881452688848412,-0.030065775070511336,-1.7199515990041334,0.12258605957032387,-173.74648393877487,-35.43485577440383,0.05736608313688944,0.05736446109380535,-0.019419199141295876,-1.1109004353328813,0.07917717395144445,-112.22120712984007,-22.887037477412452
AAPL130125P00350000,AAPL,2013-01-25,put,350,A,0.0,,0.02,,304,146,22-01-2013,0.0,0.0,-0.015,0.0002,0.9709,2013-01-22,504.770004,0.00821917808219178,0.01,0.05,0.00012569235727824448,9.476136179578545e-05,0.0,0.12620291571607858,-0.0003854744,86.51770182800004,119.39014422559616,-0.009874307642721757,-0.009905238638204215,-0.01,0.11620291571607859,-0.010385474413633347,86.50770182800004,119.38014422559615,-98.74307642721757,-99.05238638204216,-100.0,1162.0291571607859,-103.85474413633347,865077.0182800003,1193801.4422559617
AAPL130125C00360000,AAPL,2013-01-25,call,360,A,143.7,,145.2,,0,0,22-01-2013,1.0,0.0,-1.0944,0.0001,0.854,2013-01-22,504.770004,0.00821917808219178,144.45,0.05,144.91796153883308,144.9179488600886,144.84172248385363,143.9796486913021,145.31346,-16.732868748078054,119.39014422559616,0.46796153883309444,0.4679488600885975,0.3917224838536413,-0.4703513086979001,0.8634613037109489,-161.18286874807805,-25.05985577440383,0.32396091300318064,0.32395213574842335,0.27118205874256923,-0.3256153054329527,0.5977579118802001,-111.58384821604574,-17.34846367213834
AAPL130125P00360000,AAPL,2013-01-25,put,360,A,0.0,,0.02,,0,16,22-01-2013,0.0,0.0,-0.0788,0.001,0.9709,2013-01-22,504.770004,0.00821917808219178,0.01,0.05,0.0005273862306154828,0.0004215585653034534,0.0,0.14905507399599358,-0.14775793,88.70631701869686,119.39014422559616,-0.009472613769384517,-0.009578441434696546,-0.01,0.13905507399599357,-0.1577579325437546,88.69631701869686,119.38014422559615,-94.72613769384517,-95.78441434696546,-100.0,1390.5507399599355,-1577.5793254375458,886963.1701869686,1193801.4422559617
AAPL130125C00370000,AAPL,2013-01-25,call,370,A,133.7,,135.2,,0,0,22-01-2013,1.0,0.0,-1.1499,0.0004,0.854,2013-01-22,504.770004,0.00821917808219178,134.45,0.05,134.92224903764208,134.92219093136373,135.45634367063215,132.7968973422728,134.52101,-14.544253557381246,119.39014422559616,0.4722490376420865,0.47219093136374113,1.0063436706321625,-1.6531026577271746,0.07101135253907387,-148.99425355738123,-15.059855774403829,0.3512451005147538,0.35120188275473496,0.7484891562901915,-1.2295296822068984,0.052816178905967924,-110.8175928281006,-11.201082762665548
AAPL130125C00350000,AAPL,2013-01-25,call,350,A,161.75,,166.1,,2,242,23-01-2013,1.0,0.0,-1.0698,0.0001,1.2917,2013-01-23,514.010002,0.005479452054794521,163.925,0.05,164.10614156568778,164.1060745161001,164.0248811446863,156.9217203764399,163.43108,-22.943980644181693,119.39014422559616,0.18114156568776707,0.18107451610009662,0.09988114468629306,-7.003279623560104,-0.49392395019532387,-186.8689806441817,-44.53485577440385,0.11050270897530398,0.11046180637492549,0.06093100179124176,-4.272246224529574,-0.3013109349979099,-113.99663299934831,-27.167824172276255
AAPL130125P00350000,AAPL,2013-01-25,put,350,A,0.0,,0.02,,46,292,23-01-2013,0.0,0.0,-0.1265,0.0005,1.4452,2013-01-23,514.010002,0.005479452054794521,0.01,0.05,0.0018088297216275195,0.00147574095468695,0.00392336910172992,0.12620291571607858,0.16874206,82.20766053836681,119.39014422559616,-0.00819117027837248,-0.00852425904531305,-0.00607663089827008,0.11620291571607859,0.1587420606613159,82.1976605383668,119.38014422559615,-81.9117027837248,-85.24259045313049,-60.7663089827008,1162.0291571607859,1587.420606613159,821976.605383668,1193801.4422559617
AAPL130125C00360000,AAPL,2013-01-25,call,360,A,151.75,,156.1,,0,0,23-01-2013,1.0,0.0,-1.1456,0.0002,1.2917,2013-01-23,514.010002,0.005479452054794521,153.925,0.05,154.10956795855873,154.10942810672094,153.40193124708122,148.37783985573904,154.10458,-20.75536545348487,119.39014422559616,0.18456795855871633,0.18442810672092946,-0.523068752918789,-5.547160144260971,0.17958374023436363,-174.68036545348488,-34.53485577440385,0.11990772035648291,0.11981686322620072,-0.33982053137488316,-3.603807142609044,0.11666963796288037,-113.48407695532556,-22.436157722529707
AAPL130125P00360000,AAPL,2013-01-25,put,360,A,0.0,,0.02,,208,16,23-01-2013,0.0,0.0,-0.5033,0.0025,1.4452,2013-01-23,514.010002,0.005479452054794521,0.01,0.05,0.005184162938096509,0.00469751404705372,0.0061934956971405495,0.14905507399599358,-0.112983845,84.39627572906363,119.39014422559616,-0.004815837061903491,-0.00530248595294628,-0.0038065043028594507,0.13905507399599357,-0.12298384517431259,84.38627572906363,119.38014422559615,-48.158370619034905,-53.024859529462795,-38.06504302859451,1390.5507399599355,-1229.838451743126,843862.7572906362,1193801.4422559617
AAPL130125C00370000,AAPL,2013-01-25,call,370,A,141.75,,145.95,,0,0,23-01-2013,1.0,0.0,-1.3826,0.0015,1.2917,2013-01-23,514.010002,0.005479452054794521,143.85,0.05,144.11443328943585,144.11401204806648,144.17995113669693,138.58361381341584,145.80017,-18.566750262788055,119.39014422559616,0.264433289435857,0.2640120480664905,0.3299511366969341,-5.266386186584157,1.9501708984375057,-162.41675026278804,-24.459855774403835,0.1838257138935398,0.18353288012964233,0.2293716626325576,-3.6610261985291324,1.3556975310653498,-112.90702138532363,-17.00372316607844
AAPL130125C00350000,AAPL,2013-01-25,call,350,A,99.15,,102.25,,4,243,24-01-2013,1.0,0.0,-1.0598,0.0,0.9028,2013-01-24,450.499977,0.0027397260273972603,100.7,0.05,100.54791907108336,100.54791899138549,100.5209101111413,100.74705069541443,100.76752,-16.42948603672985,119.39014422559616,-0.15208092891664649,-0.15208100861451612,-0.17908988885869803,0.04705069541442697,0.06751708984374716,-117.12948603672984,18.690144225596157,-0.1510237625785963,-0.1510238417224589,-0.17784497404041513,0.046723630004396194,0.06704775555486311,-116.3152790831478,18.56022266692766
AAPL130125P00350000,AAPL,2013-01-25,put,350,A,0.0,,0.01,,5,314,24-01-2013,0.0,0.0,0.0,0.0,1.1775,2013-01-24,450.499977,0.0027397260273972603,0.005,0.05,0.0001127917336310371,8.851297648267502e-05,6.787778575333519e-05,0.127828961343455,0.14920639,87.76995832592124,119.39014422559616,-0.004887208266368963,-0.004911487023517325,-0.004932122214246665,0.122828961343455,0.14420638501644134,87.76495832592124,119.38514422559616,-97.74416532737926,-98.2297404703465,-98.6424442849333,2456.5792268691,2884.127700328827,1755299.1665184246,2387702.8845119234
AAPL130125C00360000,AAPL,2013-01-25,call,360,A,89.15,,92.15,,0,0,24-01-2013,1.0,0.0,-1.0901,0.0,0.9028,2013-01-24,450.499977,0.0027397260273972603,90.65,0.05,90.54929249284743,90.54929108031509,90.7954142104845,93.53812311961306,90.86223,-14.240870846033026,119.39014422559616,-0.10070750715257759,-0.10070891968491935,0.1454142104844891,2.8881231196130557,0.21222839355468182,-104.89087084603304,28.740144225596154,-0.11109487827090743,-0.11109643649742897,0.16041280803584013,3.1860155759658637,0.23411847055122095,-115.70973066302597,31.704516520238446
AAPL130125P00360000,AAPL,2013-01-25,put,360,A,0.0,,0.01,,5,219,24-01-2013,0.0,0.0,0.0,0.0,1.1775,2013-01-24,450.499977,0.0027397260273972603,0.005,0.05,0.0008214376790871836,0.000684129854508689,0.00015831331705750938,0.15068111962336997,0.008339775,89.95857351661806,119.39014422559616,-0.0041785623209128165,-0.004315870145491311,-0.00484168668294249,0.14568111962336996,0.0033397747948765754,89.95357351661806,119.38514422559616,-83.57124641825632,-86.31740290982623,-96.83373365884981,2913.622392467399,66.79549589753151,1799071.4703323615,2387702.8845119234
AAPL130125C00370000,AAPL,2013-01-25,call,370,A,79.15,,82.25,,10,0,24-01-2013,1.0,0.0,-1.1204,0.0,0.9028,2013-01-24,450.499977,0.0027397260273972603,80.7,0.05,80.55072284611151,80.55070652914522,80.58395724215673,83.91620009445496,80.27614,-12.052255655336218,119.39014422559616,-0.14927715388849094,-0.1492934708547864,-0.11604275784327456,3.216200094454962,-0.42386169433594034,-92.75225565533623,38.69014422559616,-0.1849778858593444,-0.18499810514843418,-0.1437952389631655,3.985378060043323,-0.5252313436628753,-114.93464145642656,47.943177479053475
AAPL130125C00350000,AAPL,2013-01-25,call,350,A,88.0,,91.6,,2,245,25-01-2013,1.0,0.0,0.0,0.0,0.3,2013-01-25,439.880001,0.0,89.8,0.05,89.88001849999955,89.88001850000099,89.8799965060103,96.61181181314397,88.23604,-11.173725088629482,119.39014422559616,0.08001849999955368,0.08001850000098898,0.07999650601030339,6.811811813143976,-1.5639617919921847,-100.97372508862948,29.590144225596163,0.08910746102400187,0.0891074610256002,0.08908296883107282,7.585536540249417,-1.7416055590113415,-112.44290098956513,32.951162834739606
AAPL130125P00350000,AAPL,2013-01-25,put,350,A,0.0,,0.01,,4,319,25-01-2013,0.0,0.0,0.0,0.0,0.3,2013-01-25,439.880001,0.0,0.005,0.05,0.0,0.0,0.0,0.25682600943234357,-0.022116933,95.18387493760093,119.39014422559616,-0.005,-0.005,-0.005,0.25182600943234357,-0.027116933017969132,95.17887493760094,119.38514422559616,-100.0,-100.0,-100.0,5036.520188646871,-542.3386603593826,1903577.498752019,2387702.8845119234
AAPL130125C00360000,AAPL,2013-01-25,call,360,A,77.65,,81.6,,0,0,25-01-2013,1.0,0.0,0.0,0.0,0.3,2013-01-25,439.880001,0.0,79.625,0.05,79.88001899999955,79.88001900000096,79.87999700601004,90.0902381702633,79.66584,-8.98510989793266,119.39014422559616,0.2550189999995496,0.25501900000095645,0.2549970060100435,10.465238170263305,0.04084014892578125,-88.61010989793266,39.76514422559616,0.3202750392459021,0.32027503924766904,0.3202474172810593,13.143156257787512,0.05129061089580063,-111.28428244638324,49.94052649996378
AAPL130125P00360000,AAPL,2013-01-25,put,360,A,0.0,,0.01,,28,224,25-01-2013,0.0,0.0,0.0,0.0,0.3,2013-01-25,439.880001,0.0,0.005,0.05,0.0,0.0,0.0,0.378207145247698,0.028030071,97.37249012829776,119.39014422559616,-0.005,-0.005,-0.005,0.373207145247698,0.023030071407556533,97.36749012829776,119.38514422559616,-100.0,-100.0,-100.0,7464.142904953959,460.6014281511307,1947349.802565955,2387702.8845119234
AAPL130125C00370000,AAPL,2013-01-25,call,370,A,67.65,,71.6,,2,10,25-01-2013,1.0,0.0,0.0,0.0,0.3,2013-01-25,439.880001,0.0,69.625,0.05,69.88001949999949,69.88001950000107,69.8799975060097,80.95613701370286,69.229485,-6.796494707235851,119.39014422559616,0.2550194999994915,0.2550195000010689,0.25499750600970117,11.331137013702858,-0.39551544189453125,-76.42149470723585,49.76514422559616,0.3662757630154276,0.3662757630176932,0.36624417380208424,16.27452353853193,-0.5680652666348743,-109.76157229046441,71.47597016243613
AAPL130201C00350000,AAPL,2013-02-01,call,350,A,98.5,,100.75,,1,0,28-01-2013,1.0,0.0,-1.0598,0.0,0.4101,2013-01-28,449.830002,0.010958904109589041,99.625,0.05,100.0217302952878,100.0217302907291,99.830570467283,100.67949766511141,100.01117,-12.310624924528554,119.39014422559616,0.3967302952877958,0.3967302907290957,0.2055704672829961,1.0544976651114126,0.38616943359375,-111.93562492452855,19.76514422559616,0.398223633914977,0.3982236293391174,0.206344258251439,1.0584669160465874,0.38762301991844417,-112.3569635377953,19.83954251000869
AAPL130201P00350000,AAPL,2013-02-01,put,350,A,0.0,,0.02,,124,0,28-01-2013,0.0,0.0,0.0,0.0,0.4484,2013-01-28,449.830002,0.010958904109589041,0.01,0.05,1.37815262676628e-07,6.38631957379299e-08,0.0,0.127828961343455,-0.1543297,93.74607462148676,119.39014422559616,-0.009999862184737324,-0.009999936136804262,-0.01,0.11782896134345501,-0.16432970225811006,93.73607462148675,119.38014422559615,-99.99862184737324,-99.99936136804261,-100.0,1178.2896134345501,-1643.2970225811005,937360.7462148675,1193801.4422559617
AAPL130201C00355000,AAPL,2013-02-01,call,355,A,93.5,,95.75,,0,0,28-01-2013,1.0,0.0,-1.0749,0.0,0.4101,2013-01-28,449.830002,0.010958904109589041,94.625,0.05,95.0244693119177,95.02446928441817,95.21875768910294,98.16131969360264,95.29664,-11.216317329180143,119.39014422559616,0.39946931191769863,0.3994692844181742,0.5937576891029437,3.5363196936026355,0.6716384887695312,-105.84131732918014,24.76514422559616,0.4221604353159299,0.42216040625434526,0.6274850082990158,3.737193863780856,0.7097896843006936,-111.8534397137967,26.17188293325882
AAPL130201P00355000,AAPL,2013-02-01,put,355,A,0.0,,0.03,,0,0,28-01-2013,0.0,0.0,-0.0001,0.0,0.4484,2013-01-28,449.830002,0.010958904109589041,0.015,0.05,7.439828498321497e-07,3.844143608507589e-07,0.0,0.1497587811479618,-0.24340777,94.84038221683517,119.39014422559616,-0.014999256017150167,-0.01499961558563915,-0.015,0.1347587811479618,-0.2584077709913254,94.82538221683517,119.37514422559616,-99.99504011433446,-99.99743723759434,-100.0,898.3918743197455,-1722.7184732755027,632169.2147789011,795834.2948373078
AAPL130201C00360000,AAPL,2013-02-01,call,360,A,88.5,,90.75,,0,0,28-01-2013,1.0,0.0,-1.0901,0.0,0.4101,2013-01-28,449.830002,0.010958904109589041,89.625,0.05,90.0272085471027,90.02720837974907,90.10555488692314,93.18082037602206,90.53146,-10.122009733831732,119.39014422559616,0.4022085471027026,0.4022083797490694,0.4805548869231444,3.555820376022055,0.906463623046875,-99.74700973383173,29.76514422559616,0.4487682533921368,0.4487680666656284,0.536183974251765,3.967442539494622,1.0113959531903767,-111.29373470999357,33.210760642227235
AAPL130201C00350000,AAPL,2013-02-01,call,350,A,107.8,,109.15,,0,1,29-01-2013,1.0,0.0,-1.0598,0.0,0.4067,2013-01-29,458.269981,0.00821917808219178,108.475,0.05,108.41378706522306,108.41378706522069,108.41185103559123,102.3947662166045,108.66853,-12.823200576315884,119.39014422559616,-0.06121293477693257,-0.06121293477930578,-0.06314896440876794,-6.080233783395499,0.19353332519531818,-121.29820057631588,10.915144225596165,-0.056430453816024496,-0.056430453818212295,-0.05821522416111357,-5.605193623780133,0.1784128372392885,-111.82134185417458,10.06235927688054
AAPL130201P00350000,AAPL,2013-02-01,put,350,A,0.0,,0.02,,45,79,29-01-2013,0.0,0.0,0.0,0.0,0.4583,2013-01-29,458.269981,0.00821917808219178,0.01,0.05,1.0058027743698675e-10,1.6489157183889182e-11,0.0,0.12620291571607858,0.11614719,93.12900872461168,119.39014422559616,-0.009999999899419723,-0.009999999983510843,-0.01,0.11620291571607859,0.10614719033241272,93.11900872461167,119.38014422559615,-99.99999899419724,-99.99999983510844,-100.0,1162.0291571607859,1061.4719033241272,931190.0872461167,1193801.4422559617
AAPL130201C00355000,AAPL,2013-02-01,call,355,A,102.3,,104.5,,0,0,29-01-2013,1.0,0.0,-1.0749,0.0,0.4067,2013-01-29,458.269981,0.00821917808219178,103.4,0.05,103.4158414375874,103.41584143758138,103.58664705124141,99.53915883636165,104.132454,-11.728892980967473,119.39014422559616,0.015841437587397422,0.01584143758137202,0.18664705124140824,-3.860841163638355,0.7324539184570256,-115.12889298096748,15.990144225596154,0.015320539252802148,0.015320539246974874,0.1805097207363716,-3.7338889396889314,0.7083693602098893,-111.34322338584862,15.464356117597827
AAPL130201P00355000,AAPL,2013-02-01,put,355,A,0.0,,0.02,,0,0,29-01-2013,0.0,0.0,0.0,0.0,0.4583,2013-01-29,458.269981,0.00821917808219178,0.01,0.05,9.7138946516074e-10,2.3814768716115946e-10,0.0,0.14813273552058537,0.10337929,94.22331631996009,119.39014422559616,-0.009999999028610535,-0.009999999761852313,-0.01,0.13813273552058536,0.0933792868256569,94.21331631996009,119.38014422559615,-99.99999028610534,-99.99999761852312,-100.0,1381.3273552058536,933.7928682565689,942133.1631996009,1193801.4422559617
AAPL130201C00360000,AAPL,2013-02-01,call,360,A,97.3,,99.55,,0,0,29-01-2013,1.0,0.0,-1.0901,0.0,0.4067,2013-01-29,458.269981,0.00821917808219178,98.425,0.05,98.41789581000364,98.4178958099507,98.33549956491665,94.71597807234507,99.00805,-10.634585385619062,119.39014422559616,-0.007104189996354648,-0.007104190049290082,-0.0895004350833517,-3.7090219276549306,0.5830490112304716,-109.05958538561906,20.965144225596163,-0.007217871472039268,-0.007217871525821775,-0.09093262390993315,-3.76837381524504,0.5923789801681195,-110.80476036130969,21.30062913446397
AAPL130201C00350000,AAPL,2013-02-01,call,350,A,106.3,,107.2,,0,1,30-01-2013,1.0,0.0,-1.0598,0.0,0.3469,2013-01-30,456.830002,0.005479452054794521,106.75,0.05,106.92587927648566,106.92587927648148,107.07942066571611,102.3947662166045,107.12459,-12.343623128570535,119.39014422559616,0.17587927648565937,0.17587927648148138,0.32942066571611406,-4.355233783395505,0.3745880126953125,-119.09362312857053,12.64014422559616,0.16475810443621486,0.16475810443230107,0.30859078755607877,-4.079844293578928,0.3509021196209016,-111.56311300100283,11.840884520464787
AAPL130201P00350000,AAPL,2013-02-01,put,350,A,0.0,,0.01,,0,124,30-01-2013,0.0,0.0,0.0,0.0,0.4906,2013-01-30,456.830002,0.005479452054794521,0.005,0.05,2.0005503546256027e-13,8.867005470576953e-15,0.0,0.12620291571607858,0.008426701,92.88501086614787,119.39014422559616,-0.004999999999799945,-0.004999999999991133,-0.005,0.12120291571607858,0.0034267007187008857,92.88001086614787,119.38514422559616,-99.9999999959989,-99.99999999982266,-100.0,2424.0583143215717,68.53401437401772,1857600.2173229575,2387702.8845119234
AAPL130201C00355000,AAPL,2013-02-01,call,355,A,100.75,,102.85,,0,0,30-01-2013,1.0,0.0,-1.0749,0.0,0.3469,2013-01-30,456.830002,0.005479452054794521,101.8,0.05,101.92724895186404,101.92724895185985,101.89004111828184,99.53915883636165,102.10236,-11.249315533222124,119.39014422559616,0.12724895186404694,0.12724895185985474,0.09004111828184591,-2.2608411636383465,0.3023635864257841,-113.04931553322211,17.590144225596163,0.12499897039690269,0.12499897039278463,0.08844903564032015,-2.2208655831417943,0.29701727546737144,-111.05040818587635,17.27912006443631
AAPL130201P00355000,AAPL,2013-02-01,put,355,A,0.0,,0.01,,0,0,30-01-2013,0.0,0.0,0.0,0.0,0.4906,2013-01-30,456.830002,0.005479452054794521,0.005,0.05,3.6445635934126285e-12,3.216761076729276e-13,0.0,0.14813273552058537,-0.070157476,93.97931846149628,119.39014422559616,-0.004999999996355436,-0.004999999999678324,-0.005,0.14313273552058536,-0.07515747576951981,93.97431846149628,119.38514422559616,-99.99999992710873,-99.99999999356648,-100.0,2862.654710411707,-1503.1495153903961,1879486.3692299256,2387702.8845119234
AAPL130201C00360000,AAPL,2013-02-01,call,360,A,95.75,,97.85,,0,0,30-01-2013,1.0,0.0,-1.0901,0.0,0.3469,2013-01-30,456.830002,0.005479452054794521,96.8,0.05,96.92861862724243,96.92861862723822,96.9923970409505,94.71597807234507,97.19707,-10.155007937873712,119.39014422559616,0.12861862724243167,0.12861862723822526,0.19239704095049603,-2.0840219276549306,0.39706726074219034,-106.95500793787372,22.590144225596163,0.13287048268846247,0.132870482684117,0.19875727370919014,-2.1529152145195565,0.4101934511799487,-110.49071067962161,23.336925852888598
AAPL130201C00350000,AAPL,2013-02-01,call,350,A,105.2,,106.6,,0,1,31-01-2013,1.0,0.0,-1.0598,0.0,0.4498,2013-01-31,455.489998,0.0027397260273972603,105.9,0.05,105.53793992171126,105.53793992171515,105.53154567753067,102.31195160544974,105.89384,-13.147839327872404,119.39014422559616,-0.3620600782887493,-0.36206007828485554,-0.36845432246933285,-3.5880483945502704,-0.006163024902349434,-119.04783932787241,13.490144225596154,-0.3418886480535876,-0.34188864804991076,-0.3479266501126844,-3.3881476813505853,-0.005819664685882374,-112.41533458722606,12.738568673839614
AAPL130201P00350000,AAPL,2013-02-01,put,350,A,0.0,,0.01,,0,124,31-01-2013,0.0,0.0,0.0,0.0,0.5776,2013-01-31,455.489998,0.0027397260273972603,0.005,0.05,1.907813672930424e-18,1.1567891488756164e-21,0.0,0.12620291571607858,0.061009493,92.205711576387,119.39014422559616,-0.004999999999999998,-0.005,-0.005,0.12120291571607858,0.0560094927251339,92.20071157638701,119.38514422559616,-99.99999999999997,-100.0,-100.0,2424.0583143215717,1120.189854502678,1844014.2315277401,2387702.8845119234
AAPL130201C00355000,AAPL,2013-02-01,call,355,A,99.45,,101.7,,0,0,31-01-2013,1.0,0.0,-1.0749,0.0,0.4498,2013-01-31,455.489998,0.0027397260273972603,100.575,0.05,100.5386248063071,100.53862480631108,100.64948005957024,99.4563442252069,100.64539,-12.053531732523993,119.39014422559616,-0.03637519369290487,-0.03637519368892583,0.0744800595702344,-1.1186557747930976,0.07039337158202841,-112.628531732524,18.815144225596157,-0.03616723210828225,-0.03616723210432596,0.07405424764626836,-1.1122602781934852,0.0699909237703489,-111.98462016656623,18.707575665519418
AAPL130201P00355000,AAPL,2013-02-01,put,355,A,0.0,,0.01,,0,0,31-01-2013,0.0,0.0,0.0,0.0,0.5776,2013-01-31,455.489998,0.0027397260273972603,0.005,0.05,1.1441088532192078e-16,3.262215005876766e-19,0.0,0.14813273552058537,-0.029916905,93.30001917173541,119.39014422559616,-0.004999999999999886,-0.005,-0.005,0.14313273552058536,-0.0349169048666954,93.29501917173542,119.38514422559616,-99.99999999999771,-100.0,-100.0,2862.654710411707,-698.338097333908,1865900.3834347085,2387702.8845119234
AAPL130201C00360000,AAPL,2013-02-01,call,360,A,94.45,,96.7,,0,0,31-01-2013,1.0,0.0,-1.0901,0.0,0.4498,2013-01-31,455.489998,0.0027397260273972603,95.575,0.05,95.539309690903,95.53930969090695,95.66372807804304,94.71597807234507,95.89735,-10.959224137175582,119.39014422559616,-0.035690309097006434,-0.035690309093055816,0.08872807804303307,-0.8590219276549362,0.3223464965820284,-106.53422413717558,23.815144225596157,-0.03734272466336012,-0.03734272465922659,0.09283607433223444,-0.8987935418832709,0.3372707262171367,-111.46662216811465,24.917754878991534
